,network_packet_size,protocol_type,login_attempts,session_duration,encryption_used,ip_reputation_score,failed_logins,browser_type,unusual_time_access,attack_detected
0,599,TCP,4,492.9832634426563,DES,0.606818080396889,1,Edge,0,1
1,472,TCP,3,1557.9964611204384,DES,0.3015689675960893,0,Firefox,0,0
2,629,TCP,3,75.04426166420741,DES,0.7391643279163831,2,Chrome,0,1
3,804,UDP,4,601.2488351708328,DES,0.1232671757524846,0,Unknown,0,1
4,453,TCP,5,532.5408884201419,AES,0.0548738567431703,1,Firefox,0,0
